{"cameraMode":{"drawMode":0,"name":"Shaded","section":"Shading Mode"},"sceneLighting":false,"audioPlay":false,"sceneViewState":{"showFog":true,"showMaterialUpdate":true,"showSkybox":false,"showFlares":true,"showImageEffects":true,"showParticleSystems":true},"in2DMode":false,"pivot":{"x":-0.3203348219394684,"y":-0.34320008754730227,"z":1.0782957077026368},"rotation":{"x":0.0011701072799041868,"y":0.9984285831451416,"z":-0.051274124532938007,"w":0.022768715396523477},"size":0.6907516717910767,"orthographic":false}