{"cameraMode":{"drawMode":0,"name":"Shaded","section":"Shading Mode"},"sceneLighting":false,"audioPlay":false,"sceneViewState":{"showFog":true,"showMaterialUpdate":true,"showSkybox":false,"showFlares":true,"showImageEffects":true,"showParticleSystems":true},"in2DMode":false,"pivot":{"x":-0.059096820652484897,"y":0.03249746561050415,"z":-0.0043662190437316898},"rotation":{"x":-0.0011196635896340013,"y":0.997843861579895,"z":-0.06325780600309372,"w":-0.017662720754742624},"size":0.5735090970993042,"orthographic":false}