{"cameraMode":{"drawMode":0,"name":"Shaded","section":"Shading Mode"},"sceneLighting":false,"audioPlay":false,"sceneViewState":{"showFog":true,"showMaterialUpdate":false,"showSkybox":false,"showFlares":true,"showImageEffects":true,"showParticleSystems":true},"in2DMode":false,"pivot":{"x":0.26200908422470095,"y":-0.03900738060474396,"z":0.14599668979644776},"rotation":{"x":0.05569475516676903,"y":0.05538013577461243,"z":-0.0030940144788473846,"w":0.9969092607498169},"size":0.6073950529098511,"orthographic":false}